id,b,g,s,m,np_min,np_max,kind,score250,score500,score1000
b1p05_g01,1.05,1,5330.0,5330.0,256,256,grid,26,54,112
b1p05_g02,1.05,2,2150.0,1090.0,256,256,grid,52,108,224
b1p05_g03,1.05,3,1500.0,521.0,128,128,grid,78,162,336
b1p05_g04,1.05,4,1260.0,337.0,64,128,grid,104,216,400
b1p05_g05,1.05,5,1130.0,245.0,64,64,grid,130,270,320
b1p05_g06,1.05,6,1080.0,197.0,64,64,grid,156,324,384
b1p05_g07,1.05,7,1010.0,157.0,32,64,grid,182,334,384
b1p05_g08,1.05,8,989.0,137.0,32,32,grid,208,256,256
b1p05_g09,1.05,9,945.0,120.0,32,32,grid,234,288,288
b1p05_g10,1.05,10,938.0,111.0,32,32,grid,260,320,320
b1p05_g11,1.05,11,923.0,96.6,32,32,grid,286,352,352
b1p05_g12,1.05,12,911.0,85.6,16,32,grid,302,368,368
b1p05_g13,1.05,13,890.0,78.7,16,32,grid,278,320,320
b1p05_g14,1.05,14,888.0,76.5,16,32,grid,284,320,320
b1p05_g15,1.05,15,885.0,71.3,16,32,grid,270,288,288
b1p05_g16,1.05,16,879.0,66.3,16,16,grid,256,256,256
b1p05_g17,1.05,17,877.0,66.1,8,16,grid,264,264,264
b1p05_g18,1.05,18,870.0,61.3,8,16,grid,272,272,272
b1p05_g19,1.05,19,862.0,56.8,8,16,grid,280,280,280
b1p05_g20,1.05,20,852.0,54.6,8,16,grid,296,296,296
b1p05_g250,1.05,250,772.0,38.5,4,16,natural,1104,1104,1104
b1p075_g01,1.075,1,5320.0,5320.0,256,256,grid,26,54,112
b1p075_g02,1.075,2,2150.0,1080.0,256,256,grid,52,108,224
b1p075_g03,1.075,3,1480.0,551.0,128,256,grid,78,162,336
b1p075_g04,1.075,4,1250.0,353.0,64,128,grid,104,216,400
b1p075_g05,1.075,5,1160.0,246.0,64,64,grid,130,270,320
b1p075_g06,1.075,6,1060.0,204.0,64,64,grid,156,324,384
b1p075_g07,1.075,7,1020.0,164.0,32,64,grid,182,356,416
b1p075_g08,1.075,8,1000.0,148.0,32,64,grid,208,300,320
b1p075_g09,1.075,9,952.0,131.0,32,32,grid,234,288,288
b1p075_g10,1.075,10,938.0,115.0,32,32,grid,260,320,320
b1p075_g11,1.075,11,934.0,109.0,16,32,grid,266,320,320
b1p075_g12,1.075,12,918.0,100.0,16,32,grid,272,320,320
b1p075_g13,1.075,13,908.0,91.1,16,32,grid,288,336,336
b1p075_g14,1.075,14,895.0,82.1,16,32,grid,264,288,288
b1p075_g15,1.075,15,891.0,81.3,16,32,grid,270,288,288
b1p075_g16,1.075,16,877.0,73.9,16,32,grid,266,272,272
b1p075_g17,1.075,17,866.0,66.1,16,16,grid,272,272,272
b1p075_g18,1.075,18,857.0,58.8,8,16,grid,280,280,280
b1p075_g19,1.075,19,850.0,57.9,8,16,grid,280,280,280
b1p075_g20,1.075,20,844.0,57.9,8,16,grid,288,288,288
b1p075_g172,1.075,172,781.0,57.9,4,16,natural,812,812,812
b1p1_g01,1.1,1,5570.0,5570.0,256,256,grid,26,54,112
b1p1_g02,1.1,2,2210.0,1150.0,256,256,grid,52,108,224
b1p1_g03,1.1,3,1500.0,552.0,128,256,grid,78,162,336
b1p1_g04,1.1,4,1250.0,362.0,64,128,grid,104,216,400
b1p1_g05,1.1,5,1150.0,240.0,64,64,grid,130,270,320
b1p1_g06,1.1,6,1050.0,219.0,32,64,grid,156,302,352
b1p1_g07,1.1,7,1010.0,177.0,32,64,grid,182,312,352
b1p1_g08,1.1,8,986.0,153.0,32,64,grid,208,278,288
b1p1_g09,1.1,9,979.0,132.0,32,32,grid,234,288,288
b1p1_g10,1.1,10,961.0,126.0,16,32,grid,250,304,304
b1p1_g11,1.1,11,954.0,114.0,16,32,grid,266,320,320
b1p1_g12,1.1,12,915.0,98.5,16,32,grid,272,320,320
b1p1_g13,1.1,13,900.0,84.3,16,32,grid,288,336,336
b1p1_g14,1.1,14,884.0,76.3,16,32,grid,274,304,304
b1p1_g15,1.1,15,877.0,76.3,16,32,grid,280,304,304
b1p1_g16,1.1,16,868.0,76.3,8,32,grid,288,312,312
b1p1_g17,1.1,17,865.0,76.3,8,32,grid,288,312,312
b1p1_g18,1.1,18,860.0,76.3,8,32,grid,296,320,320
b1p1_g19,1.1,19,854.0,76.3,8,32,grid,296,320,320
b1p1_g20,1.1,20,850.0,76.3,4,32,grid,276,300,300
b1p1_g132,1.1,132,789.0,76.3,4,32,natural,686,704,704
b1p125_g01,1.125,1,5680.0,5680.0,256,256,grid,26,54,112
b1p125_g02,1.125,2,2210.0,1130.0,256,256,grid,52,108,224
b1p125_g03,1.125,3,1530.0,540.0,128,128,grid,78,162,336
b1p125_g04,1.125,4,1260.0,378.0,64,128,grid,104,216,400
b1p125_g05,1.125,5,1170.0,261.0,64,64,grid,130,270,320
b1p125_g06,1.125,6,1060.0,217.0,32,64,grid,156,302,352
b1p125_g07,1.125,7,1020.0,184.0,32,64,grid,182,334,384
b1p125_g08,1.125,8,993.0,152.0,32,64,grid,208,344,384
b1p125_g09,1.125,9,982.0,150.0,16,64,grid,224,338,368
b1p125_g10,1.125,10,956.0,126.0,16,32,grid,250,304,304
b1p125_g11,1.125,11,938.0,106.0,16,32,grid,266,320,320
b1p125_g12,1.125,12,923.0,94.0,16,32,grid,282,336,336
b1p125_g13,1.125,13,908.0,94.0,16,32,grid,278,320,320
b1p125_g14,1.125,14,898.0,94.0,8,32,grid,266,296,296
b1p125_g15,1.125,15,885.0,94.0,8,32,grid,274,304,304
b1p125_g16,1.125,16,879.0,94.0,8,32,grid,282,312,312
b1p125_g17,1.125,17,874.0,94.0,8,32,grid,274,304,304
b1p125_g18,1.125,18,864.0,94.0,8,32,grid,266,296,296
b1p125_g19,1.125,19,863.0,94.0,4,32,grid,270,300,300
b1p125_g20,1.125,20,859.0,94.0,4,32,grid,274,304,304
b1p125_g108,1.125,108,799.0,94.0,4,32,natural,588,612,612
b1p15_g01,1.15,1,5300.0,5300.0,256,256,grid,26,54,112
b1p15_g02,1.15,2,2170.0,1130.0,256,256,grid,52,108,224
b1p15_g03,1.15,3,1510.0,539.0,128,128,grid,78,162,336
b1p15_g04,1.15,4,1230.0,353.0,64,128,grid,104,216,400
b1p15_g05,1.15,5,1130.0,262.0,64,64,grid,130,270,320
b1p15_g06,1.15,6,1090.0,218.0,32,64,grid,156,302,352
b1p15_g07,1.15,7,999.0,181.0,32,64,grid,182,334,384
b1p15_g08,1.15,8,970.0,174.0,32,64,grid,208,322,352
b1p15_g09,1.15,9,954.0,148.0,16,64,grid,224,316,336
b1p15_g10,1.15,10,928.0,119.0,16,32,grid,250,304,304
b1p15_g11,1.15,11,909.0,111.0,16,32,grid,266,320,320
b1p15_g12,1.15,12,895.0,111.0,16,32,grid,262,304,304
b1p15_g13,1.15,13,882.0,111.0,16,32,grid,258,288,288
b1p15_g14,1.15,14,872.0,111.0,8,32,grid,266,296,296
b1p15_g15,1.15,15,866.0,111.0,8,32,grid,266,296,296
b1p15_g16,1.15,16,860.0,111.0,8,32,grid,250,280,280
b1p15_g17,1.15,17,857.0,111.0,8,32,grid,258,288,288
b1p15_g18,1.15,18,853.0,111.0,4,32,grid,262,292,292
b1p15_g19,1.15,19,849.0,111.0,4,32,grid,258,288,288
b1p15_g20,1.15,20,847.0,111.0,4,32,grid,254,284,284
b1p15_g91,1.15,91,808.0,111.0,4,32,natural,516,540,540
b1p2_g01,1.2,1,5580.0,5580.0,256,256,grid,26,54,112
b1p2_g02,1.2,2,2240.0,1220.0,256,256,grid,52,108,224
b1p2_g03,1.2,3,1470.0,581.0,128,256,grid,78,162,336
b1p2_g04,1.2,4,1290.0,337.0,128,128,grid,104,216,448
b1p2_g05,1.2,5,1100.0,275.0,32,128,grid,130,248,336
b1p2_g06,1.2,6,1080.0,254.0,32,64,grid,156,280,320
b1p2_g07,1.2,7,1020.0,195.0,32,64,grid,182,312,352
b1p2_g08,1.2,8,981.0,150.0,32,64,grid,208,344,384
b1p2_g09,1.2,9,950.0,150.0,32,64,grid,234,310,320
b1p2_g10,1.2,10,929.0,150.0,16,64,grid,250,326,336
b1p2_g11,1.2,11,911.0,150.0,16,64,grid,236,294,304
b1p2_g12,1.2,12,896.0,150.0,8,64,grid,244,302,312
b1p2_g13,1.2,13,887.0,150.0,8,64,grid,244,302,312
b1p2_g14,1.2,14,882.0,150.0,8,64,grid,236,294,304
b1p2_g15,1.2,15,878.0,150.0,4,64,grid,240,298,308
b1p2_g16,1.2,16,872.0,150.0,4,64,grid,232,290,300
b1p2_g17,1.2,17,870.0,150.0,4,64,grid,236,294,304
b1p2_g18,1.2,18,867.0,150.0,4,64,grid,240,298,308
b1p2_g19,1.2,19,864.0,150.0,4,64,grid,244,302,312
b1p2_g20,1.2,20,864.0,150.0,4,64,grid,248,306,316
b1p2_g70,1.2,70,825.0,150.0,4,64,natural,430,482,492
b1p25_g01,1.25,1,6430.0,6430.0,256,256,grid,26,54,112
b1p25_g02,1.25,2,2370.0,1300.0,256,256,grid,52,108,224
b1p25_g03,1.25,3,1650.0,652.0,128,256,grid,78,162,336
b1p25_g04,1.25,4,1250.0,388.0,64,128,grid,104,216,400
b1p25_g05,1.25,5,1150.0,324.0,64,128,grid,130,270,368
b1p25_g06,1.25,6,1080.0,234.0,64,64,grid,156,324,384
b1p25_g07,1.25,7,1040.0,169.0,32,64,grid,182,334,384
b1p25_g08,1.25,8,1000.0,169.0,32,64,grid,208,322,352
b1p25_g09,1.25,9,978.0,169.0,16,64,grid,204,306,336
b1p25_g10,1.25,10,961.0,169.0,16,64,grid,210,306,336
b1p25_g11,1.25,11,948.0,169.0,8,64,grid,210,306,336
b1p25_g12,1.25,12,941.0,169.0,8,64,grid,202,298,328
b1p25_g13,1.25,13,937.0,169.0,4,64,grid,202,298,328
b1p25_g14,1.25,14,933.0,169.0,4,64,grid,202,298,328
b1p25_g15,1.25,15,930.0,169.0,4,64,grid,202,298,328
b1p25_g16,1.25,16,928.0,169.0,4,64,grid,206,302,332
b1p25_g17,1.25,17,927.0,169.0,4,64,grid,210,306,336
b1p25_g18,1.25,18,925.0,169.0,4,64,grid,214,310,340
b1p25_g19,1.25,19,924.0,169.0,4,64,grid,218,314,344
b1p25_g20,1.25,20,924.0,169.0,4,64,grid,222,318,348
b1p25_g58,1.25,58,842.0,169.0,4,64,natural,364,432,452
b1p3_g01,1.3,1,6210.0,6210.0,256,256,grid,26,54,112
b1p3_g02,1.3,2,2380.0,1380.0,256,256,grid,52,108,224
b1p3_g03,1.3,3,1620.0,653.0,128,256,grid,78,162,336
b1p3_g04,1.3,4,1210.0,445.0,32,128,grid,104,194,368
b1p3_g05,1.3,5,1150.0,353.0,32,128,grid,130,248,384
b1p3_g06,1.3,6,1070.0,239.0,32,64,grid,156,280,320
b1p3_g07,1.3,7,1010.0,195.0,32,64,grid,182,290,320
b1p3_g08,1.3,8,981.0,195.0,16,64,grid,198,284,304
b1p3_g09,1.3,9,954.0,195.0,16,64,grid,204,284,304
b1p3_g10,1.3,10,940.0,195.0,8,64,grid,202,276,296
b1p3_g11,1.3,11,930.0,195.0,8,64,grid,202,276,296
b1p3_g12,1.3,12,927.0,195.0,4,64,grid,198,272,292
b1p3_g13,1.3,13,922.0,195.0,4,64,grid,194,268,288
b1p3_g14,1.3,14,918.0,195.0,4,64,grid,198,272,292
b1p3_g15,1.3,15,916.0,195.0,4,64,grid,202,276,296
b1p3_g16,1.3,16,915.0,195.0,4,64,grid,206,280,300
b1p3_g17,1.3,17,914.0,195.0,4,64,grid,210,284,304
b1p3_g18,1.3,18,913.0,195.0,4,64,grid,214,288,308
b1p3_g19,1.3,19,913.0,195.0,4,64,grid,218,292,312
b1p3_g20,1.3,20,913.0,195.0,4,64,grid,222,296,316
b1p3_g49,1.3,49,858.0,195.0,4,64,natural,328,396,416
b1p4_g01,1.4,1,6940.0,6940.0,256,256,grid,26,54,112
b1p4_g02,1.4,2,2550.0,1530.0,256,256,grid,52,108,224
b1p4_g03,1.4,3,1600.0,598.0,128,256,grid,78,162,336
b1p4_g04,1.4,4,1430.0,490.0,64,128,grid,104,216,400
b1p4_g05,1.4,5,1160.0,355.0,16,128,grid,120,232,368
b1p4_g06,1.4,6,1060.0,272.0,16,64,grid,146,286,336
b1p4_g07,1.4,7,1000.0,272.0,16,64,grid,172,274,304
b1p4_g08,1.4,8,970.0,272.0,16,64,grid,188,290,320
b1p4_g09,1.4,9,948.0,272.0,16,64,grid,184,274,304
b1p4_g10,1.4,10,938.0,272.0,8,64,grid,176,266,296
b1p4_g11,1.4,11,931.0,272.0,4,64,grid,176,266,296
b1p4_g12,1.4,12,928.0,272.0,4,64,grid,176,266,296
b1p4_g13,1.4,13,926.0,272.0,4,64,grid,180,270,300
b1p4_g14,1.4,14,925.0,272.0,4,64,grid,184,274,304
b1p4_g15,1.4,15,924.0,272.0,4,64,grid,188,278,308
b1p4_g16,1.4,16,923.0,272.0,4,64,grid,192,282,312
b1p4_g17,1.4,17,923.0,272.0,4,64,grid,196,286,316
b1p4_g18,1.4,18,923.0,272.0,4,64,grid,200,290,320
b1p4_g19,1.4,19,923.0,272.0,4,64,grid,204,294,324
b1p4_g20,1.4,20,923.0,272.0,4,64,grid,208,298,328
b1p4_g39,1.4,39,895.0,272.0,4,64,natural,276,366,396
b1p5_g01,1.5,1,5640.0,5640.0,256,256,grid,26,54,112
b1p5_g02,1.5,2,2090.0,1490.0,256,256,grid,52,108,224
b1p5_g03,1.5,3,1560.0,593.0,128,256,grid,78,162,336
b1p5_g04,1.5,4,1260.0,534.0,16,128,grid,94,178,304
b1p5_g05,1.5,5,1100.0,294.0,16,128,grid,120,232,368
b1p5_g06,1.5,6,1030.0,294.0,16,128,grid,146,264,352
b1p5_g07,1.5,7,983.0,294.0,16,128,grid,162,258,336
b1p5_g08,1.5,8,963.0,294.0,8,128,grid,160,250,328
b1p5_g09,1.5,9,953.0,294.0,4,128,grid,156,246,324
b1p5_g10,1.5,10,948.0,294.0,4,128,grid,156,246,324
b1p5_g11,1.5,11,943.0,294.0,4,128,grid,160,250,328
b1p5_g12,1.5,12,942.0,294.0,4,128,grid,164,254,332
b1p5_g13,1.5,13,941.0,294.0,4,128,grid,168,258,336
b1p5_g14,1.5,14,941.0,294.0,4,128,grid,172,262,340
b1p5_g15,1.5,15,941.0,294.0,4,128,grid,176,266,344
b1p5_g16,1.5,16,941.0,294.0,4,128,grid,180,270,348
b1p5_g17,1.5,17,941.0,294.0,4,128,grid,184,274,352
b1p5_g18,1.5,18,941.0,294.0,4,128,grid,188,278,356
b1p5_g19,1.5,19,941.0,294.0,4,128,grid,192,282,360
b1p5_g20,1.5,20,941.0,294.0,4,128,grid,196,286,364
b1p5_g32,1.5,32,926.0,294.0,4,128,natural,236,326,404
b1p75_g01,1.75,1,5390.0,5390.0,256,256,grid,26,54,112
b1p75_g02,1.75,2,2060.0,1610.0,128,256,grid,52,108,224
b1p75_g03,1.75,3,1550.0,686.0,128,256,grid,78,162,336
b1p75_g04,1.75,4,1340.0,445.0,64,128,grid,104,216,400
b1p75_g05,1.75,5,1160.0,419.0,8,128,grid,112,224,360
b1p75_g06,1.75,6,1070.0,419.0,8,128,grid,138,234,312
b1p75_g07,1.75,7,1030.0,419.0,8,128,grid,144,234,312
b1p75_g08,1.75,8,1020.0,419.0,8,128,grid,144,234,312
b1p75_g09,1.75,9,1010.0,419.0,4,128,grid,144,234,312
b1p75_g10,1.75,10,1010.0,419.0,4,128,grid,148,238,316
b1p75_g11,1.75,11,1010.0,419.0,4,128,grid,152,242,320
b1p75_g12,1.75,12,1010.0,419.0,4,128,grid,156,246,324
b1p75_g13,1.75,13,1010.0,419.0,4,128,grid,160,250,328
b1p75_g14,1.75,14,1010.0,419.0,4,128,grid,164,254,332
b1p75_g15,1.75,15,1010.0,419.0,4,128,grid,168,258,336
b1p75_g16,1.75,16,1010.0,419.0,4,128,grid,172,262,340
b1p75_g17,1.75,17,1010.0,419.0,4,128,grid,176,266,344
b1p75_g18,1.75,18,1010.0,419.0,4,128,grid,180,270,348
b1p75_g19,1.75,19,1010.0,419.0,4,128,grid,184,274,352
b1p75_g20,1.75,20,1010.0,419.0,4,128,grid,188,278,356
b1p75_g23,1.75,23,1010.0,419.0,4,128,natural,200,290,368
b2p0_g01,2.0,1,5420.0,5420.0,256,256,grid,26,54,112
b2p0_g02,2.0,2,2170.0,1090.0,256,256,grid,52,108,224
b2p0_g03,2.0,3,1800.0,1080.0,128,256,grid,78,162,336
b2p0_g04,2.0,4,1280.0,523.0,16,128,grid,94,178,352
b2p0_g05,2.0,5,1160.0,523.0,16,128,grid,120,188,304
b2p0_g06,2.0,6,1120.0,523.0,16,128,grid,126,188,304
b2p0_g07,2.0,7,1110.0,523.0,4,128,grid,122,184,300
b2p0_g08,2.0,8,1100.0,523.0,4,128,grid,126,188,304
b2p0_g09,2.0,9,1100.0,523.0,4,128,grid,130,192,308
b2p0_g10,2.0,10,1100.0,523.0,4,128,grid,134,196,312
b2p0_g11,2.0,11,1100.0,523.0,4,128,grid,138,200,316
b2p0_g12,2.0,12,1100.0,523.0,4,128,grid,142,204,320
b2p0_g13,2.0,13,1100.0,523.0,4,128,grid,146,208,324
b2p0_g14,2.0,14,1100.0,523.0,4,128,grid,150,212,328
b2p0_g15,2.0,15,1100.0,523.0,4,128,grid,154,216,332
b2p0_g16,2.0,16,1100.0,523.0,4,128,grid,158,220,336
b2p0_g17,2.0,17,1100.0,523.0,4,128,grid,162,224,340
b2p0_g18,2.0,18,1100.0,523.0,4,128,grid,166,228,344
b2p0_g19,2.0,19,1100.0,523.0,4,128,grid+natural,170,232,348
